Metric,Value
CONFIGURATION,new_sl01_tp20
Generated,2026-10-03T03:13:12.311329
""
=== CORE METRICS ===,
Total Trades,8028
Winning Trades,1318
Losing Trades,6710
Win Rate %,16.42
""
=== PERFORMANCE ===,
Profit Factor,3.318
Net P&L,$8090.27
Gross Profit,$11580.38
Gross Loss,$3490.11
Expectancy/trade,$1.0078
""
=== TRADE STATS ===,
Avg Win,$8.79
Avg Loss,$0.52
Payoff Ratio,16.90x
""
=== RISK METRICS ===,
Max Drawdown,$89.34
Max Drawdown %,1.48%
Return %,8090.27%
End Balance,$8190.27
""
=== ADVANCED METRICS ===,
Calmar Ratio,0
Omega Ratio,0
Sortino Ratio,0
""
=== BOOTSTRAP (5000 resamples) ===,
Mean Expectancy,$1.0086
5th Percentile,$0.9240
95th Percentile,$1.0921
P(negative),0.00%
""
=== MONTE CARLO (5000 paths) ===,
Median Max DD,$25.69
95th Pct Max DD,$35.14
P(50% drawdown),0.00%
P(end below start),0.00%
